<?xml version="1.0"?>
<!--<!DOCTYPE metadata SYSTEM "http://www.esri.com/metadata/esriprof80.dtd">-->
<metadata xml:lang="he"><Esri><CreaDate>20200910</CreaDate><CreaTime>12500400</CreaTime><SyncOnce>TRUE</SyncOnce><ArcGISFormat>1.0</ArcGISFormat></Esri><idinfo><citation><citeinfo><onlink Sync="TRUE">\\YOUR-9E8503F508\C$\gis\בעלויות\גבולות\outposts_area</onlink></citeinfo></citation></idinfo><distInfo><distributor><distorTran><onLineSrc><linkage Sync="TRUE">file://\\YOUR-9E8503F508\C$\gis\בעלויות\גבולות\outposts_area</linkage><protocol Sync="TRUE">Local Area Network</protocol></onLineSrc></distorTran></distributor></distInfo><dataqual><lineage><procstep><procdesc Sync="TRUE">Dataset moved.</procdesc><srcused Sync="TRUE">C:\gis\בעלויות\בעלויות לפי מאחזים\outposts_area</srcused><date Sync="TRUE">20061002</date><time Sync="TRUE">10481800</time></procstep></lineage></dataqual></metadata>
